{"cameraMode":{"drawMode":0,"name":"Shaded","section":"Shading Mode"},"sceneLighting":true,"audioPlay":false,"sceneViewState":{"showFog":true,"showMaterialUpdate":false,"showSkybox":true,"showFlares":true,"showImageEffects":true,"showParticleSystems":true},"in2DMode":false,"pivot":{"x":-8.258214950561524,"y":0.9535946846008301,"z":-5.986822128295898},"rotation":{"x":0.03980698063969612,"y":-0.9455608129501343,"z":0.297167032957077,"w":0.12671907246112824},"size":36.25966262817383,"orthographic":true}