{"cameraMode":{"drawMode":0,"name":"Shaded","section":"Shading Mode"},"sceneLighting":false,"audioPlay":false,"sceneViewState":{"showFog":true,"showMaterialUpdate":false,"showSkybox":false,"showFlares":true,"showImageEffects":true,"showParticleSystems":true},"in2DMode":false,"pivot":{"x":2.384185791015625e-7,"y":2.0,"z":3.000000238418579},"rotation":{"x":0.6006360650062561,"y":0.013190527446568013,"z":-0.00991139467805624,"w":0.7993530631065369},"size":2.286309003829956,"orthographic":true}